Order,Weight
0.0,0.22076718509197235
1.0,0.2072802186012268
2.0,0.20950236916542053
3.0,0.16847987473011017
4.0,0.19397036731243134
