Order,Weight
0.0,0.22063158452510834
1.0,0.20765537023544312
2.0,0.2096504122018814
3.0,0.16822677850723267
4.0,0.19383585453033447
