Order,Weight
0.0,0.22063295543193817
1.0,0.2076563835144043
2.0,0.20964685082435608
3.0,0.16824214160442352
4.0,0.19382157921791077
