Order,Weight
0.0,0.22063536942005157
1.0,0.20765116810798645
2.0,0.2096530795097351
3.0,0.16823060810565948
4.0,0.19382984936237335
