Order,Weight
0.0,0.22067855298519135
1.0,0.20750539004802704
2.0,0.20960015058517456
3.0,0.16833680868148804
4.0,0.19387906789779663
