Order,Weight
0.0,0.2209106683731079
1.0,0.2068438082933426
2.0,0.20930002629756927
3.0,0.16887417435646057
4.0,0.19407135248184204
