Order,Weight
0.0,0.22063341736793518
1.0,0.2076476365327835
2.0,0.20964033901691437
3.0,0.1682584434747696
4.0,0.19382016360759735
