Order,Weight
0.0,0.22106358408927917
1.0,0.2065843641757965
2.0,0.208355113863945
3.0,0.1702864021062851
4.0,0.19371049106121063
